{"cameraMode":{"drawMode":0,"name":"Shaded","section":"Shading Mode"},"sceneLighting":true,"audioPlay":false,"sceneViewState":{"showFog":true,"showMaterialUpdate":false,"showSkybox":true,"showFlares":true,"showImageEffects":true,"showParticleSystems":true},"in2DMode":false,"pivot":{"x":-1.868985652923584,"y":1.1281285285949708,"z":-3.1448097229003908},"rotation":{"x":0.013098198920488358,"y":0.9499486684799194,"z":0.04019789397716522,"w":-0.30953848361968996},"size":5.334907531738281,"orthographic":false}