{"cameraMode":{"drawMode":0,"name":"Shaded","section":"Shading Mode"},"sceneLighting":true,"audioPlay":false,"sceneViewState":{"showFog":true,"showMaterialUpdate":false,"showSkybox":true,"showFlares":true,"showImageEffects":true,"showParticleSystems":true},"in2DMode":false,"pivot":{"x":-1.170088529586792,"y":-1.4091678857803345,"z":-3.7018635272979738},"rotation":{"x":-0.014994670636951924,"y":0.9550493359565735,"z":-0.04904612898826599,"w":-0.29197999835014346},"size":6.422389984130859,"orthographic":false}