{"cameraMode":{"drawMode":0,"name":"Shaded","section":"Shading Mode"},"sceneLighting":true,"audioPlay":false,"sceneViewState":{"showFog":false,"showMaterialUpdate":false,"showSkybox":true,"showFlares":false,"showImageEffects":false,"showParticleSystems":false},"in2DMode":false,"pivot":{"x":124.66426086425781,"y":288.5981140136719,"z":236.82211303710938},"rotation":{"x":0.06303691118955612,"y":0.9330247640609741,"z":-0.29097893834114077,"w":0.2020854353904724},"size":4.17903470993042,"orthographic":false}