{"cameraMode":{"drawMode":0,"name":"Shaded","section":"Shading Mode"},"sceneLighting":true,"audioPlay":false,"sceneViewState":{"showFog":true,"showMaterialUpdate":false,"showSkybox":true,"showFlares":true,"showImageEffects":true,"showParticleSystems":true},"in2DMode":false,"pivot":{"x":15.49858570098877,"y":-1.3931018114089966,"z":56.26045608520508},"rotation":{"x":-0.15362069010734559,"y":0.15990781784057618,"z":-0.02520071342587471,"w":-0.9747791886329651},"size":13.48075008392334,"orthographic":false}